ironConcentration,phytoGrowthRate
0.010964782,0
0.023988329,0.5
0.028183829,0.35
0.072443596,1.04
0.075857758,0.97
0.114815362,1.19
0.239883292,1.39
0.239883292,1.58
0.380189396,1.63
0.691830971,1.81
0.741310241,1.69
1.122018454,1.86
2.454708916,1.77